{
  "Light": {
    "trial_id": 0,
    "params": {
      "objective": "binary:logistic",
      "eval_metric": "auc",
      "tree_method": "hist",
      "scale_pos_weight": 3.4177382319173364,
      "verbosity": 0,
      "n_jobs": 1,
      "nthread": 1,
      "seed": 42,
      "max_bin": 116,
      "grow_policy": "depthwise",
      "learning_rate": 0.10401663679887314,
      "max_depth": 3,
      "subsample": 0.5779972601681014,
      "colsample_bytree": 0.5290418060840998,
      "min_child_weight": 18,
      "reg_alpha": 0.002570603566117598,
      "reg_lambda": 0.023585940584142682
    },
    "n_trees": 20,
    "constraint_mode": "thursday_fpr<= 0.01",
    "min_threshold": 0.7038180828104482,
    "calibrated_threshold": 0.720967710018158,
    "oof": {
      "max_f1": 0.9827744239704163,
      "f1_at_0_5": 0.9803075768942235,
      "f1_at_min_th": 0.9824683324383233,
      "invalid_blocks": 0
    },
    "metrics_s2": {
      "F1": 0.984504240393676,
      "P": 0.9934645455368732,
      "R": 0.9757041209605692,
      "PR_AUC": 0.9960047627528283,
      "ROC_AUC": 0.9971372634600185
    },
    "metrics_thursday": {
      "FPR_Benign": 0.008621823413250181,
      "AlertRate_All": 0.008191116515270725
    },
    "benchmark": {
      "t_e2e_median": 0.020971450001525227,
      "t_e2e_mean": 0.021668203334168842,
      "t_e2e_std": 0.0019394535832992811,
      "throughput_e2e_median": 1834780.1414399836,
      "t_dmatrix_median": 0.01328924999688752,
      "t_predict_median": 0.00725705000149901,
      "batch_size": 38478,
      "n_repeats": 30
    }
  },
  "Balanced": {
    "trial_id": 2,
    "params": {
      "objective": "binary:logistic",
      "eval_metric": "auc",
      "tree_method": "hist",
      "scale_pos_weight": 3.4177382319173364,
      "verbosity": 0,
      "n_jobs": 1,
      "nthread": 1,
      "seed": 42,
      "max_bin": 97,
      "grow_policy": "lossguide",
      "learning_rate": 0.21576967455896826,
      "max_depth": 3,
      "subsample": 0.7571172192068059,
      "colsample_bytree": 0.7962072844310213,
      "min_child_weight": 1,
      "reg_alpha": 0.0029369981104377003,
      "reg_lambda": 3.425445902633376e-07
    },
    "n_trees": 40,
    "constraint_mode": "thursday_fpr<= 0.01",
    "min_threshold": 0.2697273194799886,
    "calibrated_threshold": 0.297384649515152,
    "oof": {
      "max_f1": 0.994145051624276,
      "f1_at_0_5": 0.9938182047561975,
      "f1_at_min_th": 0.9935881317576062,
      "invalid_blocks": 0
    },
    "metrics_s2": {
      "F1": 0.9962568981077362,
      "P": 0.9943297599007708,
      "R": 0.9981915209012748,
      "PR_AUC": 0.9995343378964539,
      "ROC_AUC": 0.9995673513959707
    },
    "metrics_thursday": {
      "FPR_Benign": 0.009750250231658798,
      "AlertRate_All": 0.00926304746918437
    },
    "benchmark": {
      "t_e2e_median": 0.024670799997693393,
      "t_e2e_mean": 0.025488489999406738,
      "t_e2e_std": 0.002287545809770841,
      "throughput_e2e_median": 1559657.5710393467,
      "t_dmatrix_median": 0.012584000000060769,
      "t_predict_median": 0.011589449997700285,
      "batch_size": 38478,
      "n_repeats": 30
    }
  },
  "Heavy": {
    "trial_id": 15,
    "params": {
      "objective": "binary:logistic",
      "eval_metric": "auc",
      "tree_method": "hist",
      "scale_pos_weight": 3.4177382319173364,
      "verbosity": 0,
      "n_jobs": 1,
      "nthread": 1,
      "seed": 42,
      "max_bin": 219,
      "grow_policy": "depthwise",
      "learning_rate": 0.011729398526129201,
      "max_depth": 7,
      "subsample": 0.8387821809211412,
      "colsample_bytree": 0.508293914463928,
      "min_child_weight": 11,
      "reg_alpha": 1.0926019638459743e-06,
      "reg_lambda": 0.006405530651255316
    },
    "n_trees": 90,
    "constraint_mode": "thursday_fpr<= 0.01",
    "min_threshold": 0.3821231126795278,
    "calibrated_threshold": 0.3993956744670868,
    "oof": {
      "max_f1": 0.9932165956775517,
      "f1_at_0_5": 0.9915870706559554,
      "f1_at_min_th": 0.9914067172400768,
      "invalid_blocks": 0
    },
    "metrics_s2": {
      "F1": 0.9965291396854764,
      "P": 0.9950195817630976,
      "R": 0.9980432849095761,
      "PR_AUC": 0.9994625663135603,
      "ROC_AUC": 0.9993680101435395
    },
    "metrics_thursday": {
      "FPR_Benign": 0.0093968638970682,
      "AlertRate_All": 0.008960732422573493
    },
    "benchmark": {
      "t_e2e_median": 0.07321864999903482,
      "t_e2e_mean": 0.07381436666643519,
      "t_e2e_std": 0.007284181221458218,
      "throughput_e2e_median": 525521.84450966,
      "t_dmatrix_median": 0.013276199999381788,
      "t_predict_median": 0.05796394999924814,
      "batch_size": 38478,
      "n_repeats": 30
    }
  }
}