Model,trial_id,Val_AP_forward,Constraint_Mode,Constraint_MinThreshold,Calibrated_Threshold,Val_OOF_Max_F1,Val_OOF_F1@0.5,Val_OOF_F1@MinTh,invalid_val_blocks,Test_S2_P,Test_S2_R,Test_S2_F1,Test_S2_TP,Test_S2_FP,Test_S2_FN,Test_S2_TN,Test_S2_ROC_AUC,Test_S2_PR_AUC,Thu_AlertRate_All,Thu_FPR_Benign,Throughput_Median,N_Trees
Light,0,0.9866001177849889,thursday_fpr<= 0.01,0.7038180828104482,0.720967710018158,0.9827744239704163,0.9803075768942235,0.9824683324383233,0,0.9934645455368732,0.9757041209605692,0.984504240393676,65821,433,1639,55899,0.9971372634600185,0.9960047627528283,0.008191116515270725,0.008621823413250181,1834780.1414399836,20
Balanced,2,0.9975748353636336,thursday_fpr<= 0.01,0.2697273194799886,0.297384649515152,0.994145051624276,0.9938182047561975,0.9935881317576062,0,0.9943297599007708,0.9981915209012748,0.9962568981077362,67338,384,122,55948,0.9995673513959707,0.9995343378964539,0.00926304746918437,0.009750250231658798,1559657.5710393467,40
Heavy,15,0.9984533793105264,thursday_fpr<= 0.01,0.3821231126795278,0.3993956744670868,0.9932165956775517,0.9915870706559554,0.9914067172400768,0,0.9950195817630976,0.9980432849095761,0.9965291396854764,67328,337,132,55995,0.9993680101435395,0.9994625663135603,0.008960732422573493,0.0093968638970682,525521.84450966,90
